congress_number,chamber,gap,se,ci_low,ci_high
107,H,0.46475,0.06124764765042306,0.3447068155204862,0.5847931844795138
107,S,0.4213,0.06693213392378662,0.29011542706619947,0.5524845729338006
108,H,0.58465,0.05247698674709143,0.4817969951472237,0.6875030048527763
108,S,0.37775,0.07962986830606325,0.22167832479537503,0.533821675204625
109,H,0.6273000000000001,0.05654931493960469,0.5164653784937128,0.7381346215062874
109,S,0.43329999999999996,0.05489775727657289,0.32570237205717906,0.5408976279428208
110,H,0.6539999999999999,0.056288664643212284,0.543676243691231,0.7643237563087688
110,S,0.4475,0.06180223726660954,0.3263698398379869,0.5686301601620132
111,H,0.7359500000000001,0.06083268668153609,0.6167201240809099,0.8551798759190903
111,S,0.6624,0.054476999419766595,0.5556270423092365,0.7691729576907634
112,H,0.8913000000000001,0.05257729369702729,0.7882503971363997,0.9943496028636005
112,S,0.5906,0.055116166593192704,0.4825742976593397,0.6986257023406603
113,H,0.8346,0.04860745473928098,0.7393311385793799,0.9298688614206201
113,S,0.52655,0.07349000246894888,0.38251224080094903,0.6705877591990509
114,H,0.56485,0.05086897145000418,0.46514864724096394,0.664551352759036
114,S,0.55925,0.06210338189469348,0.43752960720814904,0.680970392791851
115,H,0.7634000000000001,0.051786195433745984,0.6619009212528936,0.8648990787471066
115,S,0.7413000000000001,0.054934120274351524,0.6336311018906009,0.8489688981093992
116,H,0.6290000000000001,0.05149183536792973,0.5280778563849311,0.7299221436150691
116,S,0.7532000000000001,0.06576198309760581,0.6243088805600843,0.8820911194399159
117,H,0.81505,0.059690759693082025,0.6980582598689082,0.9320417401310919
117,S,0.7354,0.07770244439448985,0.5831060062747981,0.887693993725202
118,H,0.7284999999999999,0.06780012699157836,0.595614191901078,0.8613858080989218
118,S,0.6754499999999999,0.06069483401096874,0.5564903103525255,0.7944096896474743
119,H,0.8258999999999999,0.05773908395639281,0.7127334740524924,0.9390665259475073
119,S,0.7771500000000001,0.07525078085129855,0.6296611785595656,0.9246388214404346
