congress_number,chamber,party,mean,se,ci_low,ci_high,n,n_members
107,H,D,0.23235,0.02461567471464357,0.18410416372358834,0.28059583627641166,100,71
107,H,R,0.19800000000000004,0.024371512676421757,0.15023271252866974,0.24576728747133034,100,74
107,S,D,0.139,0.03322816038278741,0.07387400186351047,0.20412599813648957,100,34
107,S,R,0.15530000000000002,0.021113913884600263,0.11391748888708335,0.19668251111291668,100,39
108,H,D,0.3692,0.027998536083061926,0.3143238772244976,0.42407612277550233,100,74
108,H,R,0.16225,0.021224551256889695,0.12065064362034145,0.20384935637965856,100,72
108,S,D,0.22774999999999998,0.029054429745375268,0.1708043636585353,0.28469563634146466,100,39
108,S,R,0.15474999999999997,0.02920912176505337,0.09750117286887891,0.21199882713112103,100,36
109,H,D,0.3308500000000001,0.02937259516489117,0.27328077089023933,0.38841922910976084,100,69
109,H,R,0.20095,0.023304192177104045,0.15527462228379443,0.24662537771620555,100,74
109,S,D,0.18495,0.02098755407893488,0.14381514955723448,0.22608485044276552,100,38
109,S,R,0.13565000000000002,0.021703913506251404,0.0931111108686335,0.17818888913136655,100,39
110,H,D,0.23209999999999997,0.030823117431269312,0.17168779946693963,0.2925122005330603,100,67
110,H,R,0.29150000000000004,0.027202712364762446,0.23818366306271077,0.3448163369372893,100,71
110,S,D,0.10425000000000002,0.017000306992458636,0.07093001030583282,0.13756998969416723,100,38
110,S,R,0.18125,0.02363409688806166,0.1349280209268871,0.22757197907311288,100,36
111,H,D,0.14225000000000002,0.02066482229253241,0.10174769224023902,0.182752307759761,100,73
111,H,R,0.3079,0.031545985113606435,0.24607100483279548,0.36972899516720453,100,67
111,S,D,0.1568,0.025994028706608753,0.10585263952008028,0.2077473604799197,100,41
111,S,R,0.25325,0.025457707345345342,0.20335381008058753,0.30314618991941245,100,33
112,H,D,0.3575,0.030321745562685763,0.29807047027997613,0.41692952972002384,100,64
112,H,R,0.2997,0.026069120304774165,0.24860546269097364,0.35079453730902643,100,72
112,S,D,0.19039999999999999,0.02176929202339846,0.14773297132865185,0.23306702867134813,100,41
112,S,R,0.2785,0.040644165632966314,0.19883889854934883,0.3581611014506512,100,36
113,H,D,0.3516,0.03272938469947106,0.28745158424688594,0.4157484157531141,100,68
113,H,R,0.27430000000000004,0.027132373974061954,0.22112152377630168,0.3274784762236984,100,80
113,S,D,0.14015,0.03212240609912685,0.07719124045233093,0.20310875954766905,100,37
113,S,R,0.29564999999999997,0.03431384580505854,0.2283960975205342,0.36290390247946575,100,31
114,H,D,0.21825000000000003,0.023292207325658284,0.17259811216117352,0.2639018878388265,100,70
114,H,R,0.1936,0.025897809634965054,0.14284122543661534,0.24435877456338465,100,73
114,S,D,0.23965,0.0312962114607323,0.1783105522005773,0.3009894477994227,100,40
114,S,R,0.20050000000000004,0.03504927643159525,0.1318046799680249,0.2691953200319752,100,38
115,H,D,0.33655,0.03438920467443746,0.2691483968494709,0.40395160315052914,100,58
115,H,R,0.16150000000000003,0.021952510168604923,0.11847387035990045,0.2045261296400996,100,75
115,S,D,0.36855,0.03573331457186231,0.29851398983847444,0.43858601016152554,100,37
115,S,R,0.16760000000000005,0.03300058951172256,0.10292003257824626,0.23227996742175383,100,34
116,H,D,0.22795,0.027083008081567838,0.174868279148418,0.281031720851582,100,68
116,H,R,0.21735,0.02941950067949436,0.1596888377702155,0.2750111622297845,100,66
116,S,D,0.45295,0.048627950889811665,0.3576409668622012,0.5482590331377989,100,32
116,S,R,0.19839999999999997,0.039856312821994776,0.1202830616961518,0.27651693830384816,100,35
117,H,D,0.24835000000000002,0.02852101272940901,0.19244984180681662,0.3042501581931834,100,64
117,H,R,0.3701,0.035136123715221394,0.3012344624186198,0.4389655375813802,100,68
117,S,D,0.15185,0.02441426480393515,0.10399891989782006,0.19970108010217996,100,31
117,S,R,0.46549999999999997,0.05699242743425205,0.3537968939562536,0.5772031060437464,100,34
118,H,D,0.35960000000000003,0.03113215152065601,0.298582103776969,0.4206178962230311,100,60
118,H,R,0.30324999999999996,0.04135248678236821,0.22220061459608242,0.3842993854039175,100,65
118,S,D,0.21359999999999998,0.02906858843100966,0.15662661314440457,0.2705733868555954,100,36
118,S,R,0.33055,0.045709333687790926,0.24096135150794257,0.42013864849205745,100,34
119,H,D,0.46419999999999995,0.041896797696388696,0.38208378479979516,0.5463162152002047,100,67
119,H,R,0.2833,0.0326780122690647,0.21925227236107486,0.34734772763892513,100,71
119,S,D,0.49939999999999996,0.0714484053203066,0.3593636977147906,0.6394363022852093,100,28
119,S,R,0.22150000000000003,0.037196784423234375,0.1485956416146999,0.29440435838530016,100,29
